,no2_value,intensidad,carga,ocupacion,d2m,t2m,ssr,ssrd,u10,v10,sp,tp,wind_speed,wind_direction_deg,wind_dir_sin,wind_dir_cos,wind_speed_ma3,wind_speed_ma6,wind_speed_ma24,t2m_ma6,t2m_ma24,d2m_ma6,d2m_ma24,sp_ma6,sp_ma24,sp_ma72,u10_ma6,u10_ma24,v10_ma6,v10_ma24,wind_speed_ewm3,t2m_ewm6,d2m_ewm6,sp_ewm12,u10_ewm6,v10_ewm6,ssr_sum24,ssrd_sum24,tp_sum6,tp_sum24,wind_dir_sin_ma6,wind_dir_sin_ma24,wind_dir_cos_ma6,wind_dir_cos_ma24,wind_dir_deg_ma6,wind_dir_deg_ma24,intensidad_lag1,intensidad_lag2,intensidad_lag3,intensidad_lag4,intensidad_lag6,intensidad_lag8,ocupacion_lag1,ocupacion_lag2,ocupacion_lag3,ocupacion_lag4,ocupacion_lag6,ocupacion_lag8,carga_lag1,carga_lag2,carga_lag3,carga_lag4,carga_lag6,carga_lag8
no2_value,1.0,0.22854287445342253,0.23783828022862258,0.2472108361919669,-0.10863310753535187,-0.14696389864724213,0.06194891264597375,0.06107313509315582,-0.2746431186007364,-0.14538763590117545,0.23994843226840648,-0.07866581585932746,-0.3380764426750479,-0.1517566345107874,0.22945458101477942,0.1416679739528239,-0.3380766131896438,-0.33896043062991854,-0.3759841715899191,-0.1471473653617698,-0.15082034073795594,-0.10877310540979998,-0.11787777895270711,0.23983616080920406,0.2337038389949324,0.22531201627502614,-0.27468181812748416,-0.2707968029598302,-0.14558755777591453,-0.15184141195426556,-0.3472810037347494,-0.14947072835617636,-0.11506198034679088,0.2320130065938139,-0.2738825049861867,-0.1496529696511912,0.06079046392670421,0.059496515946532755,-0.07780729468944353,-0.08809240065794573,0.22989114717823905,0.23262503258684,0.14209566927469613,0.1551781108325244,-0.15218646955425136,-0.14495032282518686,0.27767728560052535,0.2246395697487276,0.3294870843549944,0.30526144074352923,0.11557293340277462,0.3472308830796897,0.21928538673381082,0.18375922306000086,0.23489085477342317,0.2994188522630277,0.1774442048818369,0.26153323164051123,0.28401985057863777,0.23826937916170343,0.3459314350287813,0.293535907146294,0.14058530943267114,0.3386007217330219
intensidad,0.22854287445342253,1.0,0.988130950618839,0.9527587571707318,-0.03889225452228185,0.23362692368286705,0.47958473344269514,0.47837062451774315,0.14101384970007907,0.21003046504390133,-0.016982724161098577,0.21035048796626749,0.0993630690462831,0.10328543699217388,-0.07751948483962663,-0.23899476664923705,0.0993625460467506,0.09908291692404196,0.08666238219431047,0.2331582773629521,0.20537200800880342,-0.03888644266898561,-0.035359666351586626,-0.01700932740583881,-0.017768610272240148,0.0035143026299228057,0.14074742594111916,0.12256892570096535,0.20999647487793546,0.2053662105589121,0.09739313899965099,0.21419380265712798,-0.03630065125709493,-0.012363131381454798,0.12947526354889222,0.2076139695837891,0.29452274233034026,0.2927657710649312,0.2051766728249122,0.09598368840650953,-0.07691955046150865,-0.05237869354348402,-0.23903587134329626,-0.23471725517962705,0.10151225858679902,0.0671432677907792,0.656783573769501,0.5156326659223782,0.4993730863013941,0.4874408104178809,0.6364214547334869,0.6836818603915423,0.7807092243758453,0.7064882877499788,0.7512464326528117,0.6173049386079056,0.7349518224866048,0.6977598285262429,0.7669267270262881,0.6421573163168444,0.6212881804084089,0.5663873504564975,0.7095805350306061,0.711463573214242
carga,0.23783828022862258,0.988130950618839,1.0,0.9796120077514566,-0.03896276911176413,0.22345729137490006,0.46463042432098456,0.46355421891245785,0.14201353796260976,0.2105610581512674,-0.030452894199052057,0.20878330692218294,0.09627056267817614,0.10455066910366564,-0.0800517080874681,-0.2375295292626696,0.09627017540013616,0.09597000710085633,0.08330265794535802,0.22297082754801448,0.1949109570748827,-0.03893203174459252,-0.03510150895675184,-0.03047806368172061,-0.03147732581427165,-0.011151443890639713,0.14171624372656025,0.12320848989597934,0.21052217833263498,0.20546363906642895,0.0942046172919013,0.20388848533778473,-0.03616185934543276,-0.026363492394656296,0.13028817482314564,0.20794519811678272,0.280280454813055,0.2786817206616491,0.20380154142028561,0.09624740103764066,-0.07940899435919108,-0.05450018904779377,-0.2375900808467163,-0.23286721410060468,0.10278389504541928,0.06884848188919866,0.6615125998856906,0.5234514423707363,0.5230766941155441,0.5159839487066088,0.6111537064994177,0.6905745658740385,0.760238564633589,0.6911000798957005,0.7417015674042371,0.6320753438675254,0.7190037516959162,0.694018137169709,0.7634383333739444,0.6422855154486187,0.6401744613785145,0.585811478507831,0.6842444176116416,0.7184442709016189
ocupacion,0.2472108361919669,0.9527587571707318,0.9796120077514566,1.0,-0.0359219418266366,0.21775187430180046,0.4555028058167061,0.4546985941613458,0.14010872721062795,0.21101995975571344,-0.0494493863227467,0.2101342625771644,0.0947665556856205,0.10531993439010842,-0.0801905803251264,-0.2380814609244681,0.0947662612467688,0.09450270490527417,0.08233597398421075,0.21734030334323418,0.19181109608479824,-0.03586078226567024,-0.03187571029803935,-0.04948077287457622,-0.05068466824728959,-0.03250791816178202,0.1398426483518458,0.12244706377555796,0.21102223660258895,0.20758980361404655,0.09282668909511328,0.19998110817000656,-0.03303735944404172,-0.04620169762679002,0.12917973830091986,0.20963693366410807,0.2855199913266832,0.2842460907317406,0.20601825880646077,0.10674998259069016,-0.07959117526116986,-0.055466414984738005,-0.23824800670575275,-0.23564863424220062,0.10377698509723239,0.07222563863551565,0.6661853343733568,0.5287460069362314,0.5498917324780885,0.5477645525457798,0.5776214428902062,0.6895205693447923,0.7413550621471596,0.6702303785302433,0.72505007801174,0.642314199902125,0.6999200612855454,0.6900096787418577,0.751331252108134,0.631864237189629,0.6554693549975146,0.6013212763048579,0.6519331324707602,0.7172792435070326
d2m,-0.10863310753535187,-0.03889225452228185,-0.03896276911176413,-0.0359219418266366,1.0,0.5073166873145719,-0.03282867299394219,-0.031200674668426395,-0.06876343542259619,0.23115142091719312,-0.11079398657964981,0.17590856988883824,-0.0672083820286267,-0.05860941612600022,0.09905071246988467,-0.24146810790788864,-0.06720876100135606,-0.06738197880441807,-0.0682668733639496,0.507298606576005,0.5069027119501534,0.9999369534057798,0.9880847690795045,-0.1108024926761693,-0.11300677195581935,-0.1188096338549121,-0.06901302209886642,-0.07413251979130228,0.23120471130725065,0.22903903246559526,-0.06797463781000544,0.5102824020636731,0.9957526247420807,-0.1143019681620976,-0.07213495549319837,0.23287875781491477,-0.03214074274296809,-0.03026814142675816,0.176301393174314,0.18200238042733377,0.09925810291645601,0.10512257038201678,-0.2418540143715354,-0.24364024383782132,-0.05860226935598226,-0.05948227233284325,-0.09946205324737802,-0.07970783388866247,-0.11971489592886428,-0.10528081835657595,0.009623079750382298,-0.10858513116812024,-0.08587299603175208,0.03589500422904255,-0.02560980746556554,-0.11326991173974156,-0.013083024882731869,0.030120466508986705,-0.09820856918215147,-0.042845784323504145,-0.10512186256903307,-0.1063820586257619,-0.0026563321996061107,-0.05288642773151227
t2m,-0.14696389864724213,0.23362692368286705,0.22345729137490006,0.21775187430180046,0.5073166873145719,1.0,0.5254327164281222,0.5283042795107112,0.007161286278163122,0.22416212402446803,-0.15339574343278464,-0.11739409729035773,0.08541905214073343,0.034910153456142054,0.03263779004336703,-0.28416630788047575,0.08541856465835722,0.08492455114008324,0.06889197560530919,0.9999594328224815,0.9887269446504121,0.5076383116896306,0.520845846796791,-0.15314502424472123,-0.14299480051617988,-0.12065113555126342,0.006767222776352613,-0.012433409801130281,0.22434446627346133,0.22573639138585394,0.08275801537838334,0.9957416177363689,0.5179047077208818,-0.13833224944139455,-0.00553421792896821,0.22699467697909836,0.4900881721586668,0.4936591227436223,-0.11955350958112912,-0.16033749328634825,0.033181531919958214,0.06033128155575605,-0.2847140092325534,-0.28565962575796,0.034181626262106767,0.013926388840161032,0.17165231218469257,0.057957554311884554,0.055434239050422614,0.11584674028235085,0.18149578994858773,0.048068926274737765,0.1937273538889626,0.24585261329989297,0.17790412952788434,0.15130195540666663,0.21042845100857413,0.2161158028388304,0.20189150594237742,0.13905357613954597,0.10316767384164918,0.15605634049207867,0.19974407077639944,0.12262413915096958
ssr,0.06194891264597375,0.47958473344269514,0.46463042432098456,0.4555028058167061,-0.03282867299394219,0.5254327164281222,1.0,0.9998260632227869,0.1653537616105837,0.17003686112956987,-0.07973669737555343,0.19537745387606567,0.15010230036831093,0.16663773030443754,-0.13914116849942088,-0.20780518871662593,0.15010202844596732,0.15023860599642108,0.14939653429003863,0.5261120654832667,0.5470184541888281,-0.032861682924996596,-0.026047222578111314,-0.07972892525644606,-0.07779126117834237,-0.050568342677903985,0.16562397863365808,0.16479643547131095,0.1709622425360297,0.20906849868522703,0.15141970099197322,0.5380309229333373,-0.02773569141888832,-0.07144673789056803,0.16416332161899808,0.19482191220536854,0.8619424657625443,0.8614059109437573,0.18915400217587233,0.07537028742120558,-0.13899878641434707,-0.11871386218350995,-0.20909747585588984,-0.25129933854856,0.16589708530118666,0.14960558475654007,0.48206303045189564,0.2874060721093364,0.3143362042438469,0.3354043904190368,0.37955593339385235,0.39573016581172143,0.5307464167862341,0.3819395974904683,0.44381475664484976,0.416082592112757,0.42475631163641575,0.4216093764330638,0.5432237842308831,0.3537229135824297,0.3884576791399036,0.39458480189725337,0.4110904508288915,0.417667164399749
ssrd,0.06107313509315582,0.47837062451774315,0.46355421891245785,0.4546985941613458,-0.031200674668426395,0.5283042795107112,0.9998260632227869,1.0,0.16515775099507912,0.1706895229354837,-0.08102242787470693,0.19472123619503773,0.1501562225929905,0.16675222489095384,-0.1387865250013015,-0.2083983735833172,0.15015596284186963,0.15029020666105602,0.1492898259113893,0.5289775514766817,0.5495786389069546,-0.031229402189752262,-0.02422780821619642,-0.0810134366380374,-0.07903635284818714,-0.05191319109809757,0.16542059840715406,0.16432476218504866,0.17160875225500583,0.2094480451795644,0.15144455704828758,0.5407235052398243,-0.025980064987983695,-0.07272658567327403,0.16380434668337088,0.19531110008574742,0.8614239719758353,0.8612545084979545,0.18849684939403732,0.07466861259757042,-0.1386366274366818,-0.1181472098161353,-0.2096852818031314,-0.2516114516243345,0.16600277830557636,0.14966161894808688,0.4803205386608173,0.285906176303045,0.3141800989736903,0.33502683534196426,0.37830716656737884,0.39412583197525425,0.5291592834632253,0.3811100330220596,0.4425736277602015,0.41560965215612716,0.42382336702694734,0.4206908793140234,0.5414933084907538,0.3524306294918939,0.3880910755787767,0.3941229171690329,0.4100320098475046,0.41640343811220815
u10,-0.2746431186007364,0.14101384970007907,0.14201353796260976,0.14010872721062795,-0.06876343542259619,0.007161286278163122,0.1653537616105837,0.16515775099507912,1.0,0.5385941075826689,-0.31150570700572044,0.19394354052300683,0.2514925684398369,0.6863951854632727,-0.9146064976427638,-0.37297820251472036,0.25149190687520373,0.2513179372062932,0.24265763281007532,0.00734439361274668,0.016370258419319085,-0.06857558214256138,-0.05479225418238717,-0.3114221988171615,-0.3064057630145178,-0.28942417715869123,0.9998604302686662,0.9737675488159004,0.5397107004792057,0.5819021711986232,0.25120799332345733,0.011605390895897062,-0.060235189217993104,-0.30317589016524643,0.9910789560690609,0.5686752873878071,0.13610628900919916,0.13576492807071827,0.19298845421035318,0.17971218097836267,-0.914831655983977,-0.8957188258395191,-0.3750066865002818,-0.45015372777062473,0.6861424928865459,0.6535246189037329,0.13634272681195275,0.10027632435622678,0.08405190897415928,0.07719358113611909,0.1390575185356687,0.12514789983873645,0.1590350331820544,0.09196088878394149,0.14730557712939427,0.09993216441197363,0.139881200882478,0.1068289607126467,0.15429672061930644,0.1081461770835955,0.11038995608518082,0.08955279896754813,0.14410931403131777,0.12147460563715116
v10,-0.14538763590117545,0.21003046504390133,0.2105610581512674,0.21101995975571344,0.23115142091719312,0.22416212402446803,0.17003686112956987,0.1706895229354837,0.5385941075826689,1.0,-0.27644755526895853,0.25347404804375656,0.0831867190091828,0.2858843457243405,-0.3895388777173811,-0.871954756058223,0.08318614307148993,0.08294455869119136,0.0713685314755114,0.2239195675456564,0.2051316510847345,0.2312513453548256,0.2398399042204078,-0.2761624681311705,-0.26198103183744853,-0.2318443026592343,0.5378413172243227,0.5004234643233629,0.999851945213089,0.9699927490824267,0.08119467919122722,0.21188946019058433,0.23713991850917251,-0.256195779300141,0.518926469563876,0.9893739390496491,0.10017556715317853,0.10065322625614116,0.2519791203943646,0.2182387226731571,-0.3887769458528749,-0.35298535525969016,-0.8727942716700257,-0.874495696548009,0.2846982480945913,0.2452622408899916,0.18576457750085276,0.14865294020733147,0.12615341586149417,0.1166325505099223,0.17993833844985957,0.16684910633248387,0.2149850445563196,0.18400686562421917,0.22062249195032424,0.1500170743217734,0.20089198852846782,0.1750069027023079,0.21056049629108098,0.16858229306034575,0.16437109744570358,0.135297893266626,0.19309725643906256,0.1698507732250508
sp,0.23994843226840648,-0.016982724161098577,-0.030452894199052057,-0.0494493863227467,-0.11079398657964981,-0.15339574343278464,-0.07973669737555343,-0.08102242787470693,-0.31150570700572044,-0.27644755526895853,1.0,-0.30894916402257805,-0.31692947099586377,-0.20585049082150267,0.2572193908275359,0.25839145662564295,-0.31692969128287507,-0.31731566422112706,-0.3268573771349287,-0.15358581017829895,-0.16275695696768486,-0.11080086631344783,-0.11375373510617652,0.9999867234636683,0.9974807100262273,0.9833237463047385,-0.31168357002301106,-0.3157273334229435,-0.2768052601681677,-0.29449660810464423,-0.3206391484805189,-0.1598219764534468,-0.1131550913459418,0.9962122067841093,-0.31637974666278607,-0.29045486433443496,-0.09455968787150014,-0.09627349822982607,-0.3116210143024481,-0.3259799653424141,0.25741938176588786,0.26217992805503976,0.25948335585144733,0.2853780314348674,-0.20555490381536326,-0.2093628873492017,-0.21184298996373693,-0.22067813652480545,-0.23266969014747677,-0.15240710307135735,0.03328788141447254,-0.05905848023988683,-0.07565671264890207,-0.09436829965535444,-0.10240513507782713,-0.11672732228735704,-0.00914061124354485,-0.08418130856463532,-0.14831561032053642,-0.18425674558739122,-0.20895359563365656,-0.1116816651858443,0.021289758110307488,-0.0894098102670742
tp,-0.07866581585932746,0.21035048796626749,0.20878330692218294,0.2101342625771644,0.17590856988883824,-0.11739409729035773,0.19537745387606567,0.19472123619503773,0.19394354052300683,0.25347404804375656,-0.30894916402257805,1.0,0.2460785585594076,0.12538719316603708,-0.1387451005550107,-0.27140448462070516,0.24607885073283364,0.24646772884623583,0.25503929080830035,-0.11704456512156745,-0.10727362691773848,0.17594406297289172,0.17903413539257482,-0.30914261497337847,-0.3144710735314219,-0.31547215105690496,0.19426510084060697,0.19680131268680337,0.2542072600312718,0.2803986594957162,0.2492143630421672,-0.11261548544203508,0.17841772064344788,-0.31505271300006765,0.19640967853686528,0.2723121470125585,0.10328432079404125,0.10205090272984765,0.9962941329769225,0.9256430827296614,-0.13888545684061027,-0.13372331031151788,-0.2726791182845504,-0.3065991528392228,0.12566578432182235,0.1189205047057261,0.22882542650346452,0.17666290159540446,0.18552390891621887,0.13546247379416448,0.1772320065788131,0.25963983141760333,0.2655263025500077,0.16354927539371777,0.24503002121221418,0.16239903845519277,0.19292661339872755,0.2075483649149994,0.26033721587904024,0.1843504401270294,0.22213266105429064,0.1426578197589558,0.18859117966549876,0.24402710853530046
wind_speed,-0.3380764426750479,0.0993630690462831,0.09627056267817614,0.0947665556856205,-0.0672083820286267,0.08541905214073343,0.15010230036831093,0.1501562225929905,0.2514925684398369,0.0831867190091828,-0.31692947099586377,0.2460785585594076,1.0,0.03643485800791806,-0.1633766595692786,-0.11130744975829378,0.9999999980656273,0.9997041450662875,0.9476292114700218,0.08576770412599556,0.09720819604667467,-0.06703514597278278,-0.05304093765154665,-0.3169501865750696,-0.31548015991614764,-0.3136497590848,0.25165664740879007,0.2470406991281298,0.08348835216407467,0.10039859970399498,0.9971271115705483,0.09216975573893035,-0.05865934968115682,-0.3157575267877429,0.24933367666483605,0.09384357759646418,0.1415307300870148,0.1416722185008009,0.24603052415544027,0.23271911909067566,-0.16405557932878923,-0.16823079623041612,-0.11178082232308317,-0.13891796174048873,0.03691833191202861,0.035859087887898905,0.13176976341848934,0.08193777572075701,0.07668653062749826,0.061496742678031555,0.07427750012504997,0.0895125812130211,0.14154141421588504,0.08583380132691858,0.10889903149338839,0.07280459717825598,0.08200679222919964,0.08959063770530117,0.14007433356484952,0.09216037266956745,0.0908083307649728,0.06716423754985826,0.08102997662547347,0.09175917101993003
wind_direction_deg,-0.1517566345107874,0.10328543699217388,0.10455066910366564,0.10531993439010842,-0.05860941612600022,0.034910153456142054,0.16663773030443754,0.16675222489095384,0.6863951854632727,0.2858843457243405,-0.20585049082150267,0.12538719316603708,0.03643485800791806,1.0,-0.7076716457306691,-0.21188351832056063,0.03643456147808408,0.036359217876434854,0.03913834943792613,0.035084572844830436,0.044658935060315194,-0.05858540337405247,-0.052109590091986006,-0.20584391021711113,-0.2044355890466505,-0.1977466690765191,0.6864125348770346,0.6739168949081153,0.28683266252986944,0.3263798939447775,0.03699995401250396,0.040176034653799014,-0.05481925041879437,-0.20339492855086724,0.6837794084279233,0.3127745892840428,0.16036878030033494,0.16052294536416978,0.1246695771604677,0.12015948785757362,-0.7077117219937054,-0.6901001547753806,-0.21381261453198327,-0.27812547230760554,0.994968525160525,0.8165614762503569,0.11153471889335412,0.07177346021217004,0.06821668404700866,0.06716400463806022,0.09351595658668242,0.0940512827095381,0.12110831620929424,0.0625578903239573,0.09993215909410108,0.07900021588550434,0.09376982379054999,0.081945788415416,0.12293299142642772,0.07700110229279941,0.08712127765363982,0.07360188943363834,0.09650324824832938,0.0921904201652899
wind_dir_sin,0.22945458101477942,-0.07751948483962663,-0.0800517080874681,-0.0801905803251264,0.09905071246988467,0.03263779004336703,-0.13914116849942088,-0.1387865250013015,-0.9146064976427638,-0.3895388777173811,0.2572193908275359,-0.1387451005550107,-0.1633766595692786,-0.7076716457306691,1.0,0.27765617112627006,-0.16337622133670623,-0.16322127923295804,-0.16163922597773742,0.03231982883687374,0.01336830216391719,0.0989457702012484,0.08825954633616605,0.2571895434644594,0.2549545849915334,0.2436133127150453,-0.9145222084741449,-0.8932221664747118,-0.39083160207966955,-0.4439243368548695,-0.16398610333002622,0.021809970087711707,0.09261099634641248,0.25279422567346027,-0.9082753303019535,-0.42582208309255404,-0.1379813790282183,-0.13751514150321348,-0.1384185622406508,-0.13862295487842852,0.9996576263827781,0.9534684048482531,0.2796310066457899,0.35733281892872965,-0.7073927465281789,-0.6718283869427792,-0.09026912402910697,-0.05654336611396278,-0.05325064886033743,-0.05088376653407439,-0.08379042476874186,-0.07949195875534462,-0.10011140649794915,-0.03609632394158318,-0.08051589274540646,-0.0614653315731202,-0.08132641272527441,-0.05713760429976147,-0.10101174297643734,-0.057816497911292494,-0.06774610380802437,-0.05637370256465937,-0.08487901346157427,-0.07544714324360562
wind_dir_cos,0.1416679739528239,-0.23899476664923705,-0.2375295292626696,-0.2380814609244681,-0.24146810790788864,-0.28416630788047575,-0.20780518871662593,-0.2083983735833172,-0.37297820251472036,-0.871954756058223,0.25839145662564295,-0.27140448462070516,-0.11130744975829378,-0.21188351832056063,0.27765617112627006,1.0,-0.11130721589562696,-0.11090752092387005,-0.09179497161564264,-0.2839388875877118,-0.26228354470126347,-0.24161855151386535,-0.24861409774038215,0.2580992757205088,0.24493800260872872,0.22127397090223325,-0.3720949272349505,-0.33251000893277033,-0.8717649290677476,-0.8394707447451593,-0.10795405093676452,-0.2702023025285129,-0.24638275992180841,0.24070818199616095,-0.35064803098418273,-0.8591309564944594,-0.13950669871408977,-0.13993321633833994,-0.2700806390239674,-0.2328056356684538,0.2765605763994494,0.22861958024485796,0.999450006333133,0.9445200428029884,-0.21051282380918349,-0.15717584546391594,-0.21475564413619727,-0.1621372986059494,-0.14963861739088322,-0.14168013209329852,-0.20038685128314432,-0.1989153552762165,-0.24763357303192637,-0.21161336741170142,-0.24776126128952847,-0.1740712275597938,-0.22506561928324512,-0.21208063008784886,-0.24331095849308057,-0.19063878060962955,-0.19052409757229674,-0.16097496833438332,-0.21513914854740168,-0.2058628303295164
wind_speed_ma3,-0.3380766131896438,0.0993625460467506,0.09627017540013616,0.0947662612467688,-0.06720876100135606,0.08541856465835722,0.15010202844596732,0.15015596284186963,0.25149190687520373,0.08318614307148993,-0.31692969128287507,0.24607885073283364,0.9999999980656273,0.03643456147808408,-0.16337622133670623,-0.11130721589562696,1.0,0.9997041506451783,0.9476292373395193,0.0857672154686589,0.09720770901786012,-0.06703552851623593,-0.05304132932305408,-0.31695040645222095,-0.31548038589046273,-0.3136499931495526,0.2516559845818236,0.24704003893809637,0.08348777200175371,0.10039800627012567,0.9971271216991233,0.09216926821884654,-0.058659738209201596,-0.31575775383921717,0.2493330143459896,0.0938429876690047,0.14153039850991025,0.14167189783289774,0.2460308163112268,0.23271942079616031,-0.16405514143060046,-0.16823034536524512,-0.11178058636065623,-0.13891768351193298,0.036918034892118076,0.035858773812590276,0.13177010679570444,0.08193760181271892,0.07668650237611253,0.06149632454550101,0.07427723005943503,0.08951269774307476,0.14154143677956554,0.08583349753531838,0.10889874503447763,0.07280444376653637,0.08200664564225395,0.08959061043286307,0.14007467458076775,0.09216012152265877,0.09080827198346766,0.06716388309658326,0.08102980465535865,0.09175929455335284
wind_speed_ma6,-0.33896043062991854,0.09908291692404196,0.09597000710085633,0.09450270490527417,-0.06738197880441807,0.08492455114008324,0.15023860599642108,0.15029020666105602,0.2513179372062932,0.08294455869119136,-0.31731566422112706,0.24646772884623583,0.9997041450662875,0.036359217876434854,-0.16322127923295804,-0.11090752092387005,0.9997041506451783,1.0,0.9502045755883477,0.08530223789142354,0.09709979027386265,-0.0672648099968985,-0.05345473031282078,-0.3173507995486048,-0.3159287666815711,-0.31409751208155057,0.25155378568350173,0.2473022007150059,0.08322556733463767,0.10019493165969705,0.9979205379866635,0.09190182266421276,-0.05899232328103059,-0.3161954311932481,0.24943249096446332,0.09360400700051116,0.14219273032787133,0.14233376616291105,0.24647812165792174,0.23332332024684466,-0.1639262068717703,-0.16837944629106985,-0.11137064486417857,-0.13879806973560047,0.03680679122928846,0.03558947077359558,0.13168319498038283,0.08184439528107847,0.07663403353858557,0.06129904198752988,0.07403601698054577,0.08927781747420602,0.14140232875087527,0.08555852499105356,0.10874996271909793,0.07254854886613836,0.08174376984200245,0.08945578248047546,0.13984364043518152,0.09192720912292729,0.0906921756818482,0.0668494858182558,0.08076737802982642,0.0915106116271363
wind_speed_ma24,-0.3759841715899191,0.08666238219431047,0.08330265794535802,0.08233597398421075,-0.0682668733639496,0.06889197560530919,0.14939653429003863,0.1492898259113893,0.24265763281007532,0.0713685314755114,-0.3268573771349287,0.25503929080830035,0.9476292114700218,0.03913834943792613,-0.16163922597773742,-0.09179497161564264,0.9476292373395193,0.9502045755883477,1.0,0.06941699438008503,0.08730715491651685,-0.06836249967165071,-0.06327197787019372,-0.32699040819830494,-0.32821135896800696,-0.32679988512305397,0.24317928262851565,0.25219973898264425,0.0716127555986501,0.08765654722949956,0.9664893598683952,0.07988650376368778,-0.06492671032659919,-0.32826917548777085,0.24881211522500304,0.08173887393091879,0.15599538594920867,0.15597052530271086,0.2556225021938035,0.24798501279668075,-0.16241643845000797,-0.17441313000364614,-0.09215835814573949,-0.11949182254883574,0.03924196715597756,0.033244107119531,0.12167482428789421,0.0718472261347612,0.06797412812642135,0.051241191870662214,0.05951168100604877,0.07331327095678407,0.12873178779415864,0.0709601870673422,0.0925585978552916,0.059981426925487774,0.06620452741799604,0.07509857319898561,0.12583564240992742,0.07796919728164103,0.07889861070677705,0.054531424043679,0.0651076354632042,0.07590220164530642
t2m_ma6,-0.1471473653617698,0.2331582773629521,0.22297082754801448,0.21734030334323418,0.507298606576005,0.9999594328224815,0.5261120654832667,0.5289775514766817,0.00734439361274668,0.2239195675456564,-0.15358581017829895,-0.11704456512156745,0.08576770412599556,0.035084572844830436,0.03231982883687374,-0.2839388875877118,0.0857672154686589,0.08530223789142354,0.06941699438008503,1.0,0.989300271749661,0.5076020404694008,0.5207588466159682,-0.15334043393389654,-0.14319238353418606,-0.12073349052921496,0.006972023460467659,-0.012077903383120083,0.22414917705314027,0.22591397669679592,0.08316441463523119,0.9960871445989383,0.5178414647260248,-0.1385008124272097,-0.005248808286804232,0.22701425390901162,0.4915999441580497,0.49516742987569645,-0.11913958507297809,-0.1597087516637552,0.03286010898521692,0.059969359774370005,-0.2845562196151223,-0.2859139361746271,0.03437508253422918,0.01431765304792514,0.17147113888146187,0.05758664240844701,0.055131731664260324,0.11558010324590172,0.1816252891888528,0.04796346155222527,0.19362094831890603,0.2452355422588395,0.17770181076081532,0.15108681534058055,0.21039869797128974,0.21623642658224349,0.2016827159046365,0.13853207137718437,0.10279187483925069,0.15580138240083302,0.19987080424036285,0.12252006316384383
t2m_ma24,-0.15082034073795594,0.20537200800880342,0.1949109570748827,0.19181109608479824,0.5069027119501534,0.9887269446504121,0.5470184541888281,0.5495786389069546,0.016370258419319085,0.2051316510847345,-0.16275695696768486,-0.10727362691773848,0.09720819604667467,0.044658935060315194,0.01336830216391719,-0.26228354470126347,0.09720770901786012,0.09709979027386265,0.08730715491651685,0.989300271749661,1.0,0.5070660347690401,0.5179838074499638,-0.16260044527757356,-0.1539566378132077,-0.1292397478410928,0.01624817829727923,0.0033238990842941424,0.205691922717254,0.222296343768434,0.09636945310122151,0.9982338920073798,0.5160770613966891,-0.14846216650669036,0.007665208098185189,0.2174362259069944,0.5426227083012676,0.5459098039596818,-0.10862693264317884,-0.13983578496814164,0.01370826400729585,0.03856358477728665,-0.263401461320213,-0.2835354462393876,0.04421015936309884,0.03271475216496766,0.15925362687414263,0.03787079839105456,0.03931044666889685,0.09850338859757396,0.16640194920987217,0.026214978402265988,0.18083484720247853,0.21710595108966735,0.15626700121061676,0.1284453117068034,0.19176975985493064,0.197750259037721,0.18608706010053883,0.1126083519327821,0.08334477833197464,0.1355989528193822,0.18220122258610436,0.10055004129122935
d2m_ma6,-0.10877310540979998,-0.03888644266898561,-0.03893203174459252,-0.03586078226567024,0.9999369534057798,0.5076383116896306,-0.032861682924996596,-0.031229402189752262,-0.06857558214256138,0.2312513453548256,-0.11080086631344783,0.17594406297289172,-0.06703514597278278,-0.05858540337405247,0.0989457702012484,-0.24161855151386535,-0.06703552851623593,-0.0672648099968985,-0.06836249967165071,0.5076020404694008,0.5070660347690401,1.0,0.9886835829813787,-0.11079785845022273,-0.11293612869777025,-0.11879871153792479,-0.06884905420227785,-0.07418393558549116,0.23130187205645256,0.22907202372792823,-0.06789849749413648,0.5105076824988681,0.9961335041214526,-0.11425678208842747,-0.07208665107853632,0.23293691457135296,-0.03239539266500171,-0.030518419248590813,0.176345148812697,0.18206224735168855,0.09917443044768409,0.10524667969509013,-0.24200134419508518,-0.24371176576973944,-0.05854824383165834,-0.05948367704776084,-0.09934968680263291,-0.07965778512892524,-0.11968185316424904,-0.10524143818886207,0.00964835518987933,-0.108597221154417,-0.08581509863305298,0.03608790974676406,-0.025528860742435468,-0.11327819983120621,-0.013020372756903403,0.0301731806285932,-0.09809249081021182,-0.04280041047215554,-0.10505377686858099,-0.10633533598493329,-0.002621916052008775,-0.052866490605332564
d2m_ma24,-0.11787777895270711,-0.035359666351586626,-0.03510150895675184,-0.03187571029803935,0.9880847690795045,0.520845846796791,-0.026047222578111314,-0.02422780821619642,-0.05479225418238717,0.2398399042204078,-0.11375373510617652,0.17903413539257482,-0.05304093765154665,-0.052109590091986006,0.08825954633616605,-0.24861409774038215,-0.05304132932305408,-0.05345473031282078,-0.06327197787019372,0.5207588466159682,0.5179838074499638,0.9886835829813787,1.0,-0.11365517392399836,-0.11326332950515997,-0.11874942774190113,-0.05519103495007717,-0.06677748694537733,0.2398365461970667,0.23737095439287753,-0.05566482715121867,0.5223036772341765,0.9978570268264888,-0.11476311887314858,-0.062050240976706986,0.24120308360200188,-0.032505893435079924,-0.030454159766438737,0.17943827973727824,0.18560585828412016,0.08861367502035271,0.10094954956716516,-0.24902168661130045,-0.2521904084179793,-0.051918783714673455,-0.055076038911922094,-0.0942522528479622,-0.07779576130373463,-0.11641622299166472,-0.10202361432000509,0.013224795521849814,-0.10537953365088631,-0.08024154113510333,0.04061487873003473,-0.01930887786629697,-0.10829475798287261,-0.00817830172235679,0.03396080454576177,-0.09128481956035027,-0.04029916728736611,-0.10034901327981188,-0.1018581822044461,0.0011618564841717163,-0.049007611937520214
sp_ma6,0.23983616080920406,-0.01700932740583881,-0.03047806368172061,-0.04948077287457622,-0.1108024926761693,-0.15314502424472123,-0.07972892525644606,-0.0810134366380374,-0.3114221988171615,-0.2761624681311705,0.9999867234636683,-0.30914261497337847,-0.3169501865750696,-0.20584391021711113,0.2571895434644594,0.2580992757205088,-0.31695040645222095,-0.3173507995486048,-0.32699040819830494,-0.15334043393389654,-0.16260044527757356,-0.11079785845022273,-0.11365517392399836,1.0,0.9976350344297541,0.9835202377443919,-0.31162027270686615,-0.3158089910665624,-0.27652409076949885,-0.2943022565329408,-0.3206922509814122,-0.1596276960999396,-0.1130993405677247,0.9963570151648031,-0.3163967362334651,-0.2902237479120514,-0.09452184935594707,-0.09623383637349557,-0.3118013154154039,-0.32611542657625253,0.2574068123961339,0.2622993990144736,0.25919330544112196,0.28516121334599603,-0.2055467608089243,-0.20944812725183726,-0.21184996742988477,-0.22073213175916426,-0.23270544359123604,-0.1524327823519135,0.03332551117296579,-0.05899540962122114,-0.0756310690009738,-0.0943580373149241,-0.10243775834285068,-0.11675093461717193,-0.009087411412005923,-0.08414569397272369,-0.14827879192013932,-0.18433206692481577,-0.2089825723960932,-0.11170205772490514,0.021327952013795164,-0.08933417197647696
sp_ma24,0.2337038389949324,-0.017768610272240148,-0.03147732581427165,-0.05068466824728959,-0.11300677195581935,-0.14299480051617988,-0.07779126117834237,-0.07903635284818714,-0.3064057630145178,-0.26198103183744853,0.9974807100262273,-0.3144710735314219,-0.31548015991614764,-0.2044355890466505,0.2549545849915334,0.24493800260872872,-0.31548038589046273,-0.3159287666815711,-0.32821135896800696,-0.14319238353418606,-0.1539566378132077,-0.11293612869777025,-0.11326332950515997,0.9976350344297541,1.0,0.9903362353724369,-0.3067049950574871,-0.3147454651226152,-0.2623396497948924,-0.28134315282877814,-0.31971208282779146,-0.1505055190069568,-0.11375758005660722,0.9993941966482185,-0.31373448322982816,-0.27681031722929383,-0.09147542005351557,-0.093113200229037,-0.31720847865923374,-0.33006309383834137,0.2552764291594747,0.2639907803487764,0.24597483808794235,0.2719683406261239,-0.20411678807346706,-0.20995092730179832,-0.21046275685083515,-0.22220858339261731,-0.2328599491318635,-0.15297891971510794,0.03310868162246494,-0.05989789336757017,-0.07256339865102793,-0.09473327720352598,-0.10201555141209434,-0.1174701862753456,-0.0094157195355598,-0.08493467153639617,-0.14565373574926996,-0.18589874022224012,-0.20940162568991022,-0.11218880908544035,0.0208839046578134,-0.09031488404751077
sp_ma72,0.22531201627502614,0.0035143026299228057,-0.011151443890639713,-0.03250791816178202,-0.1188096338549121,-0.12065113555126342,-0.050568342677903985,-0.05191319109809757,-0.28942417715869123,-0.2318443026592343,0.9833237463047385,-0.31547215105690496,-0.3136497590848,-0.1977466690765191,0.2436133127150453,0.22127397090223325,-0.3136499931495526,-0.31409751208155057,-0.32679988512305397,-0.12073349052921496,-0.1292397478410928,-0.11879871153792479,-0.11874942774190113,0.9835202377443919,0.9903362353724369,1.0,-0.28965519722859057,-0.2990998010931061,-0.23203227978377286,-0.2468273453443169,-0.3178974353526465,-0.12695104098261578,-0.1191915638867368,0.9943769971802552,-0.2977564428360705,-0.24398064497764546,-0.07136325989366112,-0.07311211322408233,-0.3187271529625094,-0.3388737352418322,0.24392351776726837,0.2550528874868833,0.22208365523903004,0.2420150673659872,-0.19748916086928664,-0.20444372983680734,-0.19290631337201677,-0.21492646250606492,-0.22342515073429475,-0.14224476533975317,0.044239317016952946,-0.048818983453177395,-0.04944099708502368,-0.0837510119789528,-0.08777503595541579,-0.10456475942429234,0.003983486109163589,-0.07502927208384617,-0.1239998220184123,-0.17575797767130044,-0.19786864381932232,-0.09892404593086933,0.033901574137702985,-0.07910023471990743
u10_ma6,-0.27468181812748416,0.14074742594111916,0.14171624372656025,0.1398426483518458,-0.06901302209886642,0.006767222776352613,0.16562397863365808,0.16542059840715406,0.9998604302686662,0.5378413172243227,-0.31168357002301106,0.19426510084060697,0.25165664740879007,0.6864125348770346,-0.9145222084741449,-0.3720949272349505,0.2516559845818236,0.25155378568350173,0.24317928262851565,0.006972023460467659,0.01624817829727923,-0.06884905420227785,-0.05519103495007717,-0.31162027270686615,-0.3067049950574871,-0.28965519722859057,1.0,0.9751399712025353,0.5389789758245489,0.5817703386726648,0.2515082358597926,0.01137492864663633,-0.060580738710039564,-0.30344429432330616,0.9919486150312018,0.5682649543140947,0.13676112783798436,0.13641192981380074,0.19332146577351816,0.18005596150199618,-0.915035275012746,-0.8970865147997289,-0.3741403833940607,-0.44987912869876506,0.6863876963861039,0.6547374750947305,0.13620289442827307,0.10011563679434,0.08400694005030081,0.07704478495270418,0.1389885644672909,0.1251034711971621,0.15886023129833068,0.09159912344596709,0.14717139868724935,0.09974911584847253,0.13987439640805724,0.10673793784173052,0.1540613751760474,0.10791878643378526,0.11030952445297873,0.08936745913369804,0.14404692816993458,0.1214137634182936
u10_ma24,-0.2707968029598302,0.12256892570096535,0.12320848989597934,0.12244706377555796,-0.07413251979130228,-0.012433409801130281,0.16479643547131095,0.16432476218504866,0.9737675488159004,0.5004234643233629,-0.3157273334229435,0.19680131268680337,0.2470406991281298,0.6739168949081153,-0.8932221664747118,-0.33251000893277033,0.24704003893809637,0.2473022007150059,0.25219973898264425,-0.012077903383120083,0.0033238990842941424,-0.07418393558549116,-0.06677748694537733,-0.3158089910665624,-0.3147454651226152,-0.2990998010931061,0.9751399712025353,1.0,0.5015485417574067,0.5527985856715734,0.24970776232820996,-0.003713840370605613,-0.0695990865251794,-0.31149309331443126,0.9949282708342615,0.536069868591698,0.15587491440257528,0.15525124073994517,0.1963702092712238,0.18895057892516495,-0.8950851703069446,-0.9283532932513247,-0.3343151896513513,-0.4138533153398224,0.6747532421017538,0.6855444997629668,0.12381864667415246,0.08884703655417549,0.07336486335341162,0.06569087923598178,0.12756979813410851,0.1128748983978117,0.14257950597225785,0.07254113232219551,0.12927549172498756,0.08415854720956362,0.12633505423422767,0.09417824578353666,0.1370582529559483,0.09203175839044292,0.09652625613348664,0.07511842644958146,0.13123485660996442,0.10858380112979202
v10_ma6,-0.14558755777591453,0.20999647487793546,0.21052217833263498,0.21102223660258895,0.23120471130725065,0.22434446627346133,0.1709622425360297,0.17160875225500583,0.5397107004792057,0.999851945213089,-0.2768052601681677,0.2542072600312718,0.08348835216407467,0.28683266252986944,-0.39083160207966955,-0.8717649290677476,0.08348777200175371,0.08322556733463767,0.0716127555986501,0.22414917705314027,0.205691922717254,0.23130187205645256,0.2398365461970667,-0.27652409076949885,-0.2623396497948924,-0.23203227978377286,0.5389789758245489,0.5015485417574067,1.0,0.9715287340722711,0.0814674561706361,0.21230158077977906,0.23716903007404877,-0.25651240376335743,0.5200635417495094,0.9903485607989155,0.10152008910556513,0.10199459215444145,0.25271533400277263,0.21903867642764904,-0.3900564744934982,-0.35407279563573135,-0.872899642275249,-0.8758202231884021,0.2856618550859333,0.24611064361521914,0.1859707680031536,0.1486299032415988,0.1261608931487075,0.1166473598503118,0.1802009820159535,0.16705117508483552,0.21520727319513472,0.1838465672397656,0.22068936229376845,0.15007983109532372,0.20115877624274467,0.17528828129498647,0.21081051205004137,0.16851570498320942,0.1643724325322837,0.1353287739517231,0.19338167345773422,0.17008509681815287
v10_ma24,-0.15184141195426556,0.2053662105589121,0.20546363906642895,0.20758980361404655,0.22903903246559526,0.22573639138585394,0.20906849868522703,0.2094480451795644,0.5819021711986232,0.9699927490824267,-0.29449660810464423,0.2803986594957162,0.10039859970399498,0.3263798939447775,-0.4439243368548695,-0.8394707447451593,0.10039800627012567,0.10019493165969705,0.08765654722949956,0.22591397669679592,0.222296343768434,0.22907202372792823,0.23737095439287753,-0.2943022565329408,-0.28134315282877814,-0.2468273453443169,0.5817703386726648,0.5527985856715734,0.9715287340722711,1.0,0.09836637365337814,0.22292350150523357,0.23485293955782666,-0.27431740252352854,0.5680810607487817,0.9945877123575915,0.1576494063505423,0.1578987735297983,0.2791748845460667,0.24902126142760003,-0.4437013255638161,-0.4104731041059694,-0.8421185319414575,-0.8993529386707937,0.3257420355625283,0.29277948223156103,0.19274065085382958,0.14470319491033545,0.12567230333884175,0.1153283595748706,0.1823412896600589,0.16631998116876512,0.2233769197467507,0.17388521043806102,0.21873063783833632,0.14631674529908606,0.20344163516223815,0.17401089214501828,0.21748045761150805,0.16165523033847828,0.16313954297350394,0.13269907447260354,0.19489445329141433,0.1691015397681637
wind_speed_ewm3,-0.3472810037347494,0.09739313899965099,0.0942046172919013,0.09282668909511328,-0.06797463781000544,0.08275801537838334,0.15141970099197322,0.15144455704828758,0.25120799332345733,0.08119467919122722,-0.3206391484805189,0.2492143630421672,0.9971271115705483,0.03699995401250396,-0.16398610333002622,-0.10795405093676452,0.9971271216991233,0.9979205379866635,0.9664893598683952,0.08316441463523119,0.09636945310122151,-0.06789849749413648,-0.05566482715121867,-0.3206922509814122,-0.31971208282779146,-0.3178974353526465,0.2515082358597926,0.24970776232820996,0.0814674561706361,0.09836637365337814,1.0,0.09061949413661902,-0.06051990067852917,-0.3199256624532312,0.25085881206361454,0.09183199816917338,0.1460146988611218,0.1461289771627429,0.24932012021907465,0.23707994066695245,-0.1647155460055598,-0.17057898334647115,-0.10840177838197063,-0.13624848717453042,0.03740946731645307,0.035153044176481484,0.1309942609685773,0.08073106751151475,0.07579044829562759,0.060105679480081255,0.07177352846766606,0.08679550865675573,0.14011088615755204,0.08349941753427814,0.10645360582871807,0.07085799490192571,0.0794501210919402,0.08730281716935356,0.13839750014532648,0.09011392258846594,0.0893095525356618,0.06518266378026852,0.07837206719646017,0.08914994308785525
t2m_ewm6,-0.14947072835617636,0.21419380265712798,0.20388848533778473,0.19998110817000656,0.5102824020636731,0.9957416177363689,0.5380309229333373,0.5407235052398243,0.011605390895897062,0.21188946019058433,-0.1598219764534468,-0.11261548544203508,0.09216975573893035,0.040176034653799014,0.021809970087711707,-0.2702023025285129,0.09216926821884654,0.09190182266421276,0.07988650376368778,0.9960871445989383,0.9982338920073798,0.5105076824988681,0.5223036772341765,-0.1596276960999396,-0.1505055190069568,-0.12695104098261578,0.01137492864663633,-0.003713840370605613,0.21230158077977906,0.22292350150523357,0.09061949413661902,1.0,0.5199986062580227,-0.145394382225945,0.0015008940265760443,0.22050656998216356,0.5226292008491282,0.5260407742672515,-0.11424004994203928,-0.14874159127209072,0.02223342815926019,0.04762673547705994,-0.27109675184047827,-0.2835998210442908,0.039623342377729326,0.024845908328984558,0.16224673444341234,0.044237450144554796,0.04405835119418004,0.10395458181498418,0.17092488497522945,0.03249155349586214,0.1835380295568225,0.22713859325447242,0.1627697725995269,0.1356540386463334,0.19760404309014334,0.20374183562039652,0.1899421387262498,0.12125945505886074,0.08925734391341508,0.14206192022319772,0.18754820778771336,0.10729376260322607
d2m_ewm6,-0.11506198034679088,-0.03630065125709493,-0.03616185934543276,-0.03303735944404172,0.9957526247420807,0.5179047077208818,-0.02773569141888832,-0.025980064987983695,-0.060235189217993104,0.23713991850917251,-0.1131550913459418,0.17841772064344788,-0.05865934968115682,-0.05481925041879437,0.09261099634641248,-0.24638275992180841,-0.058659738209201596,-0.05899232328103059,-0.06492671032659919,0.5178414647260248,0.5160770613966891,0.9961335041214526,0.9978570268264888,-0.1130993405677247,-0.11375758005660722,-0.1191915638867368,-0.060580738710039564,-0.0695990865251794,0.23716903007404877,0.23485293955782666,-0.06051990067852917,0.5199986062580227,1.0,-0.11512384789090027,-0.06596820640556379,0.23869566282870266,-0.031605551312488406,-0.02961172360461826,0.17880649082577493,0.18470613761818622,0.09291436049043467,0.10264674027383987,-0.2467852440691922,-0.2494457870730393,-0.05471302828655825,-0.0569073722380881,-0.09630483885346776,-0.07875780342775394,-0.11793608996294828,-0.10346606244551847,0.012064533886853494,-0.1070514096821874,-0.08234868763661086,0.039346917038133804,-0.021599685226716996,-0.11033574316204414,-0.009896998429971772,0.03284109311961343,-0.0938891679769967,-0.04118525723908093,-0.10233887108909986,-0.10370356913952189,-9.184872430276752e-05,-0.050527935411546425
sp_ewm12,0.2320130065938139,-0.012363131381454798,-0.026363492394656296,-0.04620169762679002,-0.1143019681620976,-0.13833224944139455,-0.07144673789056803,-0.07272658567327403,-0.30317589016524643,-0.256195779300141,0.9962122067841093,-0.31505271300006765,-0.3157575267877429,-0.20339492855086724,0.25279422567346027,0.24070818199616095,-0.31575775383921717,-0.3161954311932481,-0.32826917548777085,-0.1385008124272097,-0.14846216650669036,-0.11425678208842747,-0.11476311887314858,0.9963570151648031,0.9993941966482185,0.9943769971802552,-0.30344429432330616,-0.31149309331443126,-0.25651240376335743,-0.27431740252352854,-0.3199256624532312,-0.145394382225945,-0.11512384789090027,1.0,-0.3105513571353637,-0.2702721360627427,-0.08711694123204587,-0.08879464376818773,-0.31797307450234713,-0.3328644050134724,0.25309930093105765,0.26206807836170115,0.2416978696500482,0.26609278634973954,-0.20310121099220377,-0.20901374714413862,-0.20707692070204872,-0.22103501122091146,-0.23130652917545055,-0.1508332492443965,0.03566855091317858,-0.0577846819977503,-0.06738352821661835,-0.09221656610557173,-0.09898526293204547,-0.1147026080164302,-0.006452687913502886,-0.08293782788157854,-0.14114868268720118,-0.18382994225205593,-0.20728669421006535,-0.1092958585045194,0.02388423394648604,-0.08820268674429896
u10_ewm6,-0.2738825049861867,0.12947526354889222,0.13028817482314564,0.12917973830091986,-0.07213495549319837,-0.00553421792896821,0.16416332161899808,0.16380434668337088,0.9910789560690609,0.518926469563876,-0.31637974666278607,0.19640967853686528,0.24933367666483605,0.6837794084279233,-0.9082753303019535,-0.35064803098418273,0.2493330143459896,0.24943249096446332,0.24881211522500304,-0.005248808286804232,0.007665208098185189,-0.07208665107853632,-0.062050240976706986,-0.3163967362334651,-0.31373448322982816,-0.2977564428360705,0.9919486150312018,0.9949282708342615,0.5200635417495094,0.5680810607487817,0.25085881206361454,0.0015008940265760443,-0.06596820640556379,-0.3105513571353637,1.0,0.5526040657090079,0.14711705097917402,0.14660724867882244,0.19574814770399265,0.18619245218809324,-0.9095806254388438,-0.9201195929445422,-0.3525779219549802,-0.43141270016819094,0.6843165722961746,0.6769704267042547,0.12864095197095474,0.09359605000262104,0.07775092207775879,0.07017902010745736,0.1320224494128861,0.11768938984472767,0.14897713997816225,0.08004499095255671,0.13646950201750727,0.09020072064223929,0.13161828565092204,0.09913740221358415,0.1436427640676641,0.09846533049367275,0.10210422558660288,0.08065254924272086,0.13621340007355162,0.11362312733366565
v10_ewm6,-0.1496529696511912,0.2076139695837891,0.20794519811678272,0.20963693366410807,0.23287875781491477,0.22699467697909836,0.19482191220536854,0.19531110008574742,0.5686752873878071,0.9893739390496491,-0.29045486433443496,0.2723121470125585,0.09384357759646418,0.3127745892840428,-0.42582208309255404,-0.8591309564944594,0.0938429876690047,0.09360400700051116,0.08173887393091879,0.22701425390901162,0.2174362259069944,0.23293691457135296,0.24120308360200188,-0.2902237479120514,-0.27681031722929383,-0.24398064497764546,0.5682649543140947,0.536069868591698,0.9903485607989155,0.9945877123575915,0.09183199816917338,0.22050656998216356,0.23869566282870266,-0.2702721360627427,0.5526040657090079,1.0,0.13672906144675903,0.13706829892337827,0.270993251478418,0.23962267580768495,-0.4253439350950522,-0.391249163630502,-0.8611575509792445,-0.8953671517890048,0.3118853850465425,0.2763716225980167,0.19099160410911872,0.14716576411943977,0.12664681134885966,0.11663370456862618,0.18207890934703644,0.1672299069944739,0.2206943872585893,0.17849973569056898,0.22030426976997125,0.14852275762790357,0.20327081365725388,0.17533453269715665,0.21551221034032483,0.1650726584747099,0.1644575044131204,0.1344335679600697,0.19493766766520645,0.17014300582540506
ssr_sum24,0.06079046392670421,0.29452274233034026,0.280280454813055,0.2855199913266832,-0.03214074274296809,0.4900881721586668,0.8619424657625443,0.8614239719758353,0.13610628900919916,0.10017556715317853,-0.09455968787150014,0.10328432079404125,0.1415307300870148,0.16036878030033494,-0.1379813790282183,-0.13950669871408977,0.14153039850991025,0.14219273032787133,0.15599538594920867,0.4915999441580497,0.5426227083012676,-0.03239539266500171,-0.032505893435079924,-0.09452184935594707,-0.09147542005351557,-0.07136325989366112,0.13676112783798436,0.15587491440257528,0.10152008910556513,0.1576494063505423,0.1460146988611218,0.5226292008491282,-0.031605551312488406,-0.08711694123204587,0.14711705097917402,0.13672906144675903,1.0,0.9997839786464373,0.10667462452386249,0.12776107554741542,-0.138283512759836,-0.13611125492093396,-0.1415394317094053,-0.20478146420259083,0.16054204473393077,0.16586836706638497,0.3805157040115211,0.17304884448804028,0.22668275557243134,0.23315242432381644,0.25687738191988374,0.2630158134857585,0.4046549863963608,0.22842992160991235,0.29493609491035133,0.2808171435435948,0.29011835910352163,0.30428443558006213,0.4082072118132219,0.201876172970989,0.26727975177081065,0.26828688664312045,0.2766596848572664,0.28623466062975156
ssrd_sum24,0.059496515946532755,0.2927657710649312,0.2786817206616491,0.2842460907317406,-0.03026814142675816,0.4936591227436223,0.8614059109437573,0.8612545084979545,0.13576492807071827,0.10065322625614116,-0.09627349822982607,0.10205090272984765,0.1416722185008009,0.16052294536416978,-0.13751514150321348,-0.13993321633833994,0.14167189783289774,0.14233376616291105,0.15597052530271086,0.49516742987569645,0.5459098039596818,-0.030518419248590813,-0.030454159766438737,-0.09623383637349557,-0.093113200229037,-0.07311211322408233,0.13641192981380074,0.15525124073994517,0.10199459215444145,0.1578987735297983,0.1461289771627429,0.5260407742672515,-0.02961172360461826,-0.08879464376818773,0.14660724867882244,0.13706829892337827,0.9997839786464373,1.0,0.10546373952319717,0.1268798075664109,-0.1378096250550828,-0.1354331162115399,-0.14196614411265943,-0.20497762259925406,0.16069229548699931,0.16596149094579646,0.37841184000114153,0.1712066624268978,0.2262935976524562,0.23249085091078578,0.2551006975033188,0.2608403626918982,0.40261464248011214,0.2273050352664545,0.2931778134824261,0.27994776550832184,0.2887044495356684,0.30303735998265074,0.4060425892297777,0.20024832948687157,0.2665692481080235,0.26744995544878125,0.2750818933216155,0.2845087275943027
tp_sum6,-0.07780729468944353,0.2051766728249122,0.20380154142028561,0.20601825880646077,0.176301393174314,-0.11955350958112912,0.18915400217587233,0.18849684939403732,0.19298845421035318,0.2519791203943646,-0.3116210143024481,0.9962941329769225,0.24603052415544027,0.1246695771604677,-0.1384185622406508,-0.2700806390239674,0.2460308163112268,0.24647812165792174,0.2556225021938035,-0.11913958507297809,-0.10862693264317884,0.176345148812697,0.17943827973727824,-0.3118013154154039,-0.31720847865923374,-0.3187271529625094,0.19332146577351816,0.1963702092712238,0.25271533400277263,0.2791748845460667,0.24932012021907465,-0.11424004994203928,0.17880649082577493,-0.31797307450234713,0.19574814770399265,0.270993251478418,0.10667462452386249,0.10546373952319717,1.0,0.9307041590763101,-0.13856300729260007,-0.13382585550141018,-0.27137959611385126,-0.30561102669311596,0.12500473436208176,0.11892786276990396,0.2294755688333184,0.17684692027954035,0.1873892205411094,0.13243670061738658,0.17385191760356933,0.259702951926599,0.2633427408212997,0.15870469828809716,0.2429015792464484,0.15795893428960647,0.1896814551663114,0.2054235445051281,0.25812696668105223,0.18185913443550775,0.22336088089537662,0.1374435046517455,0.18503913516371462,0.2433872914363699
tp_sum24,-0.08809240065794573,0.09598368840650953,0.09624740103764066,0.10674998259069016,0.18200238042733377,-0.16033749328634825,0.07537028742120558,0.07466861259757042,0.17971218097836267,0.2182387226731571,-0.3259799653424141,0.9256430827296614,0.23271911909067566,0.12015948785757362,-0.13862295487842852,-0.2328056356684538,0.23271942079616031,0.23332332024684466,0.24798501279668075,-0.1597087516637552,-0.13983578496814164,0.18206224735168855,0.18560585828412016,-0.32611542657625253,-0.33006309383834137,-0.3388737352418322,0.18005596150199618,0.18895057892516495,0.21903867642764904,0.24902126142760003,0.23707994066695245,-0.14874159127209072,0.18470613761818622,-0.3328644050134724,0.18619245218809324,0.23962267580768495,0.12776107554741542,0.1268798075664109,0.9307041590763101,1.0,-0.1388439861264233,-0.1404579168201434,-0.23430129396351684,-0.27374162178800865,0.12092415070504299,0.12373767283721301,0.16484080550427352,0.1134865196582426,0.13887122910325772,0.07426584386063255,0.09576085432046294,0.18096149754456475,0.1828716986630859,0.07301556490068749,0.15509395403024692,0.08121878805003796,0.10760318180260567,0.1335426299740863,0.17483698849958484,0.09668802222785162,0.15384150116122783,0.06497079829630258,0.10080479852572823,0.16522855205325707
wind_dir_sin_ma6,0.22989114717823905,-0.07691955046150865,-0.07940899435919108,-0.07959117526116986,0.09925810291645601,0.033181531919958214,-0.13899878641434707,-0.1386366274366818,-0.914831655983977,-0.3887769458528749,0.25741938176588786,-0.13888545684061027,-0.16405557932878923,-0.7077117219937054,0.9996576263827781,0.2765605763994494,-0.16405514143060046,-0.1639262068717703,-0.16241643845000797,0.03286010898521692,0.01370826400729585,0.09917443044768409,0.08861367502035271,0.2574068123961339,0.2552764291594747,0.24392351776726837,-0.915035275012746,-0.8950851703069446,-0.3900564744934982,-0.4437013255638161,-0.1647155460055598,0.02223342815926019,0.09291436049043467,0.25309930093105765,-0.9095806254388438,-0.4253439350950522,-0.138283512759836,-0.1378096250550828,-0.13856300729260007,-0.1388439861264233,1.0,0.9558206583427328,0.27855454832540194,0.35692647611590034,-0.7076884709883676,-0.6735039907341329,-0.08963006740315557,-0.05596928875186337,-0.05286538534394985,-0.05053494711538287,-0.0835802906657703,-0.07914173863004421,-0.0995495876026529,-0.035568083074406794,-0.0801943329863165,-0.061108744736472514,-0.08126219028680771,-0.0567032811510811,-0.10027750846527682,-0.05719040816550996,-0.0673591983135701,-0.05606199995479815,-0.08464901112986634,-0.07506871102467369
wind_dir_sin_ma24,0.23262503258684,-0.05237869354348402,-0.05450018904779377,-0.055466414984738005,0.10512257038201678,0.06033128155575605,-0.11871386218350995,-0.1181472098161353,-0.8957188258395191,-0.35298535525969016,0.26217992805503976,-0.13372331031151788,-0.16823079623041612,-0.6901001547753806,0.9534684048482531,0.22861958024485796,-0.16823034536524512,-0.16837944629106985,-0.17441313000364614,0.059969359774370005,0.03856358477728665,0.10524667969509013,0.10094954956716516,0.2622993990144736,0.2639907803487764,0.2550528874868833,-0.8970865147997289,-0.9283532932513247,-0.35407279563573135,-0.4104731041059694,-0.17057898334647115,0.04762673547705994,0.10264674027383987,0.26206807836170115,-0.9201195929445422,-0.391249163630502,-0.13611125492093396,-0.1354331162115399,-0.13382585550141018,-0.1404579168201434,0.9558206583427328,1.0,0.23032199812840334,0.31253326285189104,-0.6912044561897811,-0.7075965750331673,-0.06703502387923126,-0.04038559823154304,-0.035704416437743226,-0.03248374411139889,-0.06723354252691614,-0.05968231237143341,-0.07259596412806847,-0.01228453193618916,-0.055127563387686485,-0.03847202582489921,-0.060897885580235046,-0.03760089877443158,-0.07185942357089102,-0.036693759411902935,-0.04610348400171675,-0.03477722870573335,-0.0662361436547079,-0.05498788924487788
wind_dir_cos_ma6,0.14209566927469613,-0.23903587134329626,-0.2375900808467163,-0.23824800670575275,-0.2418540143715354,-0.2847140092325534,-0.20909747585588984,-0.2096852818031314,-0.3750066865002818,-0.8727942716700257,0.25948335585144733,-0.2726791182845504,-0.11178082232308317,-0.21381261453198327,0.2796310066457899,0.999450006333133,-0.11178058636065623,-0.11137064486417857,-0.09215835814573949,-0.2845562196151223,-0.263401461320213,-0.24200134419508518,-0.24902168661130045,0.25919330544112196,0.24597483808794235,0.22208365523903004,-0.3741403833940607,-0.3343151896513513,-0.872899642275249,-0.8421185319414575,-0.10840177838197063,-0.27109675184047827,-0.2467852440691922,0.2416978696500482,-0.3525779219549802,-0.8611575509792445,-0.1415394317094053,-0.14196614411265943,-0.27137959611385126,-0.23430129396351684,0.27855454832540194,0.23032199812840334,1.0,0.9474485553017484,-0.2124446980948104,-0.15876799047746673,-0.21538449497302253,-0.16248751492879265,-0.15004018548140644,-0.14172177085858645,-0.20084450961325367,-0.19936708440536083,-0.2482097807074806,-0.21137397295825755,-0.24810814922990457,-0.17423372758540845,-0.22542458167739535,-0.21259729962574483,-0.24390406211096932,-0.19081853418373623,-0.190904399988405,-0.16095417417044475,-0.21563121903897978,-0.20632269977951334
wind_dir_cos_ma24,0.1551781108325244,-0.23471725517962705,-0.23286721410060468,-0.23564863424220062,-0.24364024383782132,-0.28565962575796,-0.25129933854856,-0.2516114516243345,-0.45015372777062473,-0.874495696548009,0.2853780314348674,-0.3065991528392228,-0.13891796174048873,-0.27812547230760554,0.35733281892872965,0.9445200428029884,-0.13891768351193298,-0.13879806973560047,-0.11949182254883574,-0.2859139361746271,-0.2835354462393876,-0.24371176576973944,-0.2521904084179793,0.28516121334599603,0.2719683406261239,0.2420150673659872,-0.44987912869876506,-0.4138533153398224,-0.8758202231884021,-0.8993529386707937,-0.13624848717453042,-0.2835998210442908,-0.2494457870730393,0.26609278634973954,-0.43141270016819094,-0.8953671517890048,-0.20478146420259083,-0.20497762259925406,-0.30561102669311596,-0.27374162178800865,0.35692647611590034,0.31253326285189104,0.9474485553017484,1.0,-0.2775822700370811,-0.23501347654234342,-0.2245476502689476,-0.1589321458404898,-0.1506999740758091,-0.14057109069236218,-0.20317675426370316,-0.1978424585686127,-0.25993011083404977,-0.20144729760947097,-0.24777899747739535,-0.1705375542202554,-0.22801647780713374,-0.21110605843982472,-0.2525246780547381,-0.18353441140202953,-0.19102729226577692,-0.15832054923105568,-0.2172981231187438,-0.2044901555755143
wind_dir_deg_ma6,-0.15218646955425136,0.10151225858679902,0.10278389504541928,0.10377698509723239,-0.05860226935598226,0.034181626262106767,0.16589708530118666,0.16600277830557636,0.6861424928865459,0.2846982480945913,-0.20555490381536326,0.12566578432182235,0.03691833191202861,0.994968525160525,-0.7073927465281789,-0.21051282380918349,0.036918034892118076,0.03680679122928846,0.03924196715597756,0.03437508253422918,0.04421015936309884,-0.05854824383165834,-0.051918783714673455,-0.2055467608089243,-0.20411678807346706,-0.19748916086928664,0.6863876963861039,0.6747532421017538,0.2856618550859333,0.3257420355625283,0.03740946731645307,0.039623342377729326,-0.05471302828655825,-0.20310121099220377,0.6843165722961746,0.3118853850465425,0.16054204473393077,0.16069229548699931,0.12500473436208176,0.12092415070504299,-0.7076884709883676,-0.6912044561897811,-0.2124446980948104,-0.2775822700370811,1.0,0.819818912632018,0.11057748046696608,0.07078708244247668,0.06766670920311615,0.0660292619801366,0.09283543260753153,0.09381237283270195,0.1199465044411208,0.06098323469215198,0.09916146394072331,0.07740995852561881,0.0934692009260103,0.08134241049852216,0.12165495042734638,0.07574092988720797,0.08660941919234649,0.07220436921680712,0.09580736301167916,0.09203701017798746
wind_dir_deg_ma24,-0.14495032282518686,0.0671432677907792,0.06884848188919866,0.07222563863551565,-0.05948227233284325,0.013926388840161032,0.14960558475654007,0.14966161894808688,0.6535246189037329,0.2452622408899916,-0.2093628873492017,0.1189205047057261,0.035859087887898905,0.8165614762503569,-0.6718283869427792,-0.15717584546391594,0.035858773812590276,0.03558947077359558,0.033244107119531,0.01431765304792514,0.03271475216496766,-0.05948367704776084,-0.055076038911922094,-0.20944812725183726,-0.20995092730179832,-0.20444372983680734,0.6547374750947305,0.6855444997629668,0.24611064361521914,0.29277948223156103,0.035153044176481484,0.024845908328984558,-0.0569073722380881,-0.20901374714413862,0.6769704267042547,0.2763716225980167,0.16586836706638497,0.16596149094579646,0.11892786276990396,0.12373767283721301,-0.6735039907341329,-0.7075965750331673,-0.15876799047746673,-0.23501347654234342,0.819818912632018,1.0,0.09132221777188262,0.0557745089619864,0.05198205266309889,0.04748197503084134,0.07189016066413685,0.06991111476040184,0.09311922819739511,0.03134944403165464,0.07276518977073769,0.051490390012902655,0.06879779710114596,0.05870038747485388,0.09510498625263492,0.05327082580263875,0.06527957468310785,0.04885762794772639,0.07241206383174018,0.06834124275270205
intensidad_lag1,0.27767728560052535,0.656783573769501,0.6615125998856906,0.6661853343733568,-0.09946205324737802,0.17165231218469257,0.48206303045189564,0.4803205386608173,0.13634272681195275,0.18576457750085276,-0.21184298996373693,0.22882542650346452,0.13176976341848934,0.11153471889335412,-0.09026912402910697,-0.21475564413619727,0.13177010679570444,0.13168319498038283,0.12167482428789421,0.17147113888146187,0.15925362687414263,-0.09934968680263291,-0.0942522528479622,-0.21184996742988477,-0.21046275685083515,-0.19290631337201677,0.13620289442827307,0.12381864667415246,0.1859707680031536,0.19274065085382958,0.1309942609685773,0.16224673444341234,-0.09630483885346776,-0.20707692070204872,0.12864095197095474,0.19099160410911872,0.3805157040115211,0.37841184000114153,0.2294755688333184,0.16484080550427352,-0.08963006740315557,-0.06703502387923126,-0.21538449497302253,-0.2245476502689476,0.11057748046696608,0.09132221777188262,1.0,0.8426134766440114,0.6887330559584176,0.637803673244339,0.5093990051240229,0.6505061159936121,0.8158938904155936,0.6853664927107065,0.6647517919780004,0.6411630678111728,0.6124999676688605,0.5833734526175681,0.949517186090365,0.8473674797448162,0.7563755981628664,0.6177496530338444,0.5653971379932375,0.6734614443081877
intensidad_lag2,0.2246395697487276,0.5156326659223782,0.5234514423707363,0.5287460069362314,-0.07970783388866247,0.057957554311884554,0.2874060721093364,0.285906176303045,0.10027632435622678,0.14865294020733147,-0.22067813652480545,0.17666290159540446,0.08193777572075701,0.07177346021217004,-0.05654336611396278,-0.1621372986059494,0.08193760181271892,0.08184439528107847,0.0718472261347612,0.05758664240844701,0.03787079839105456,-0.07965778512892524,-0.07779576130373463,-0.22073213175916426,-0.22220858339261731,-0.21492646250606492,0.10011563679434,0.08884703655417549,0.1486299032415988,0.14470319491033545,0.08073106751151475,0.044237450144554796,-0.07875780342775394,-0.22103501122091146,0.09359605000262104,0.14716576411943977,0.17304884448804028,0.1712066624268978,0.17684692027954035,0.1134865196582426,-0.05596928875186337,-0.04038559823154304,-0.16248751492879265,-0.1589321458404898,0.07078708244247668,0.0557745089619864,0.8426134766440114,1.0,0.5158027707824363,0.40396786108686045,0.5410705913069049,0.5052172109477902,0.5908916767969029,0.6543792653280872,0.606313713745831,0.41521090432951735,0.5266251303734436,0.4483364569730686,0.7283742538111814,0.9385451890602416,0.5815200328217588,0.3663236215311159,0.5467258995030255,0.5157918475411338
intensidad_lag3,0.3294870843549944,0.4993730863013941,0.5230766941155441,0.5498917324780885,-0.11971489592886428,0.055434239050422614,0.3143362042438469,0.3141800989736903,0.08405190897415928,0.12615341586149417,-0.23266969014747677,0.18552390891621887,0.07668653062749826,0.06821668404700866,-0.05325064886033743,-0.14963861739088322,0.07668650237611253,0.07663403353858557,0.06797412812642135,0.055131731664260324,0.03931044666889685,-0.11968185316424904,-0.11641622299166472,-0.23270544359123604,-0.2328599491318635,-0.22342515073429475,0.08400694005030081,0.07336486335341162,0.1261608931487075,0.12567230333884175,0.07579044829562759,0.04405835119418004,-0.11793608996294828,-0.23130652917545055,0.07775092207775879,0.12664681134885966,0.22668275557243134,0.2262935976524562,0.1873892205411094,0.13887122910325772,-0.05286538534394985,-0.035704416437743226,-0.15004018548140644,-0.1506999740758091,0.06766670920311615,0.05198205266309889,0.6887330559584176,0.5158027707824363,1.0,0.8197396631169384,0.08468169878125799,0.7175562874377562,0.5327745469460038,0.39029535217618005,0.5538428797431619,0.771344455169441,0.3090245394653803,0.5706779348183671,0.6634898463495169,0.5189413630048436,0.9605342601860144,0.7700697612396858,0.1784036952333871,0.7319668790338562
intensidad_lag4,0.30526144074352923,0.4874408104178809,0.5159839487066088,0.5477645525457798,-0.10528081835657595,0.11584674028235085,0.3354043904190368,0.33502683534196426,0.07719358113611909,0.1166325505099223,-0.15240710307135735,0.13546247379416448,0.061496742678031555,0.06716400463806022,-0.05088376653407439,-0.14168013209329852,0.06149632454550101,0.06129904198752988,0.051241191870662214,0.11558010324590172,0.09850338859757396,-0.10524143818886207,-0.10202361432000509,-0.1524327823519135,-0.15297891971510794,-0.14224476533975317,0.07704478495270418,0.06569087923598178,0.1166473598503118,0.1153283595748706,0.060105679480081255,0.10395458181498418,-0.10346606244551847,-0.1508332492443965,0.07017902010745736,0.11663370456862618,0.23315242432381644,0.23249085091078578,0.13243670061738658,0.07426584386063255,-0.05053494711538287,-0.03248374411139889,-0.14172177085858645,-0.14057109069236218,0.0660292619801366,0.04748197503084134,0.637803673244339,0.40396786108686045,0.8197396631169384,1.0,0.13591555811304157,0.6916313317825302,0.4767565905903208,0.3776374660151492,0.4096231494775151,0.8861506497803632,0.3993128819006352,0.535539979227234,0.6208599934171873,0.418006238221787,0.7863111680747948,0.9583240638015195,0.2392541990893198,0.6856987977460398
intensidad_lag6,0.11557293340277462,0.6364214547334869,0.6111537064994177,0.5776214428902062,0.009623079750382298,0.18149578994858773,0.37955593339385235,0.37830716656737884,0.1390575185356687,0.17993833844985957,0.03328788141447254,0.1772320065788131,0.07427750012504997,0.09351595658668242,-0.08379042476874186,-0.20038685128314432,0.07427723005943503,0.07403601698054577,0.05951168100604877,0.1816252891888528,0.16640194920987217,0.00964835518987933,0.013224795521849814,0.03332551117296579,0.03310868162246494,0.044239317016952946,0.1389885644672909,0.12756979813410851,0.1802009820159535,0.1823412896600589,0.07177352846766606,0.17092488497522945,0.012064533886853494,0.03566855091317858,0.1320224494128861,0.18207890934703644,0.25687738191988374,0.2551006975033188,0.17385191760356933,0.09576085432046294,-0.0835802906657703,-0.06723354252691614,-0.20084450961325367,-0.20317675426370316,0.09283543260753153,0.07189016066413685,0.5093990051240229,0.5410705913069049,0.08468169878125799,0.13591555811304157,1.0,0.47795373089359544,0.6008661660411088,0.6449244267785863,0.626781615533792,0.2207331043831885,0.8712546163242306,0.5931246561413462,0.5676748276377412,0.6386575093717913,0.2270883755501112,0.18326359511939513,0.9719555981176308,0.5189626407477193
intensidad_lag8,0.3472308830796897,0.6836818603915423,0.6905745658740385,0.6895205693447923,-0.10858513116812024,0.048068926274737765,0.39573016581172143,0.39412583197525425,0.12514789983873645,0.16684910633248387,-0.05905848023988683,0.25963983141760333,0.0895125812130211,0.0940512827095381,-0.07949195875534462,-0.1989153552762165,0.08951269774307476,0.08927781747420602,0.07331327095678407,0.04796346155222527,0.026214978402265988,-0.108597221154417,-0.10537953365088631,-0.05899540962122114,-0.05989789336757017,-0.048818983453177395,0.1251034711971621,0.1128748983978117,0.16705117508483552,0.16631998116876512,0.08679550865675573,0.03249155349586214,-0.1070514096821874,-0.0577846819977503,0.11768938984472767,0.1672299069944739,0.2630158134857585,0.2608403626918982,0.259702951926599,0.18096149754456475,-0.07914173863004421,-0.05968231237143341,-0.19936708440536083,-0.1978424585686127,0.09381237283270195,0.06991111476040184,0.6505061159936121,0.5052172109477902,0.7175562874377562,0.6916313317825302,0.47795373089359544,1.0,0.6371342225620337,0.48524963894476336,0.6648514539179371,0.6960479076943835,0.5869273722670351,0.7709185343351675,0.7061219081567489,0.5532374508385871,0.7678590842171297,0.681415839381131,0.5192852290085184,0.9486743366719328
ocupacion_lag1,0.21928538673381082,0.7807092243758453,0.760238564633589,0.7413550621471596,-0.08587299603175208,0.1937273538889626,0.5307464167862341,0.5291592834632253,0.1590350331820544,0.2149850445563196,-0.07565671264890207,0.2655263025500077,0.14154141421588504,0.12110831620929424,-0.10011140649794915,-0.24763357303192637,0.14154143677956554,0.14140232875087527,0.12873178779415864,0.19362094831890603,0.18083484720247853,-0.08581509863305298,-0.08024154113510333,-0.0756310690009738,-0.07256339865102793,-0.04944099708502368,0.15886023129833068,0.14257950597225785,0.21520727319513472,0.2233769197467507,0.14011088615755204,0.1835380295568225,-0.08234868763661086,-0.06738352821661835,0.14897713997816225,0.2206943872585893,0.4046549863963608,0.40261464248011214,0.2633427408212997,0.1828716986630859,-0.0995495876026529,-0.07259596412806847,-0.2482097807074806,-0.25993011083404977,0.1199465044411208,0.09311922819739511,0.8158938904155936,0.5908916767969029,0.5327745469460038,0.4767565905903208,0.6008661660411088,0.6371342225620337,1.0,0.7088107278670576,0.720595045992784,0.5693553108979934,0.6989119690111809,0.6438150272918739,0.9054365796614979,0.6853557816162145,0.6381827486899992,0.5266373820843665,0.666397466932271,0.6648452302661755
ocupacion_lag2,0.18375922306000086,0.7064882877499788,0.6911000798957005,0.6702303785302433,0.03589500422904255,0.24585261329989297,0.3819395974904683,0.3811100330220596,0.09196088878394149,0.18400686562421917,-0.09436829965535444,0.16354927539371777,0.08583380132691858,0.0625578903239573,-0.03609632394158318,-0.21161336741170142,0.08583349753531838,0.08555852499105356,0.0709601870673422,0.2452355422588395,0.21710595108966735,0.03608790974676406,0.04061487873003473,-0.0943580373149241,-0.09473327720352598,-0.0837510119789528,0.09159912344596709,0.07254113232219551,0.1838465672397656,0.17388521043806102,0.08349941753427814,0.22713859325447242,0.039346917038133804,-0.09221656610557173,0.08004499095255671,0.17849973569056898,0.22842992160991235,0.2273050352664545,0.15870469828809716,0.07301556490068749,-0.035568083074406794,-0.01228453193618916,-0.21137397295825755,-0.20144729760947097,0.06098323469215198,0.03134944403165464,0.6853664927107065,0.6543792653280872,0.39029535217618005,0.3776374660151492,0.6449244267785863,0.48524963894476336,0.7088107278670576,1.0,0.7323498483917116,0.45566989780785194,0.6963194082604558,0.7219981541268287,0.721890669805879,0.8258680309715686,0.49664785813524476,0.42826394531549883,0.6860523388827113,0.6067675606873684
ocupacion_lag3,0.23489085477342317,0.7512464326528117,0.7417015674042371,0.72505007801174,-0.02560980746556554,0.17790412952788434,0.44381475664484976,0.4425736277602015,0.14730557712939427,0.22062249195032424,-0.10240513507782713,0.24503002121221418,0.10889903149338839,0.09993215909410108,-0.08051589274540646,-0.24776126128952847,0.10889874503447763,0.10874996271909793,0.0925585978552916,0.17770181076081532,0.15626700121061676,-0.025528860742435468,-0.01930887786629697,-0.10243775834285068,-0.10201555141209434,-0.08777503595541579,0.14717139868724935,0.12927549172498756,0.22068936229376845,0.21873063783833632,0.10645360582871807,0.1627697725995269,-0.021599685226716996,-0.09898526293204547,0.13646950201750727,0.22030426976997125,0.29493609491035133,0.2931778134824261,0.2429015792464484,0.15509395403024692,-0.0801943329863165,-0.055127563387686485,-0.24810814922990457,-0.24777899747739535,0.09916146394072331,0.07276518977073769,0.6647517919780004,0.606313713745831,0.5538428797431619,0.4096231494775151,0.626781615533792,0.6648514539179371,0.720595045992784,0.7323498483917116,1.0,0.5039337085060642,0.6448217330014119,0.7737761051891121,0.7228712879497371,0.6941726812590815,0.6812039771072945,0.4590489776099894,0.658264465799549,0.7058015644550233
ocupacion_lag4,0.2994188522630277,0.6173049386079056,0.6320753438675254,0.642314199902125,-0.11326991173974156,0.15130195540666663,0.416082592112757,0.41560965215612716,0.09993216441197363,0.1500170743217734,-0.11672732228735704,0.16239903845519277,0.07280459717825598,0.07900021588550434,-0.0614653315731202,-0.1740712275597938,0.07280444376653637,0.07254854886613836,0.059981426925487774,0.15108681534058055,0.1284453117068034,-0.11327819983120621,-0.10829475798287261,-0.11675093461717193,-0.1174701862753456,-0.10456475942429234,0.09974911584847253,0.08415854720956362,0.15007983109532372,0.14631674529908606,0.07085799490192571,0.1356540386463334,-0.11033574316204414,-0.1147026080164302,0.09020072064223929,0.14852275762790357,0.2808171435435948,0.27994776550832184,0.15795893428960647,0.08121878805003796,-0.061108744736472514,-0.03847202582489921,-0.17423372758540845,-0.1705375542202554,0.07740995852561881,0.051490390012902655,0.6411630678111728,0.41521090432951735,0.771344455169441,0.8861506497803632,0.2207331043831885,0.6960479076943835,0.5693553108979934,0.45566989780785194,0.5039337085060642,1.0,0.4741290267406461,0.5640612558455116,0.6698171450101169,0.46237231651290045,0.7798827812445221,0.9518494453068,0.34181411530583944,0.6944376875843767
ocupacion_lag6,0.1774442048818369,0.7349518224866048,0.7190037516959162,0.6999200612855454,-0.013083024882731869,0.21042845100857413,0.42475631163641575,0.42382336702694734,0.139881200882478,0.20089198852846782,-0.00914061124354485,0.19292661339872755,0.08200679222919964,0.09376982379054999,-0.08132641272527441,-0.22506561928324512,0.08200664564225395,0.08174376984200245,0.06620452741799604,0.21039869797128974,0.19176975985493064,-0.013020372756903403,-0.00817830172235679,-0.009087411412005923,-0.0094157195355598,0.003983486109163589,0.13987439640805724,0.12633505423422767,0.20115877624274467,0.20344163516223815,0.0794501210919402,0.19760404309014334,-0.009896998429971772,-0.006452687913502886,0.13161828565092204,0.20327081365725388,0.29011835910352163,0.2887044495356684,0.1896814551663114,0.10760318180260567,-0.08126219028680771,-0.060897885580235046,-0.22542458167739535,-0.22801647780713374,0.0934692009260103,0.06879779710114596,0.6124999676688605,0.5266251303734436,0.3090245394653803,0.3993128819006352,0.8712546163242306,0.5869273722670351,0.6989119690111809,0.6963194082604558,0.6448217330014119,0.4741290267406461,1.0,0.6493796515032813,0.6837354274056879,0.6195791838555063,0.4323407406019984,0.45064123912249493,0.9376386465478184,0.6271056612028155
ocupacion_lag8,0.26153323164051123,0.6977598285262429,0.694018137169709,0.6900096787418577,0.030120466508986705,0.2161158028388304,0.4216093764330638,0.4206908793140234,0.1068289607126467,0.1750069027023079,-0.08418130856463532,0.2075483649149994,0.08959063770530117,0.081945788415416,-0.05713760429976147,-0.21208063008784886,0.08959061043286307,0.08945578248047546,0.07509857319898561,0.21623642658224349,0.197750259037721,0.0301731806285932,0.03396080454576177,-0.08414569397272369,-0.08493467153639617,-0.07502927208384617,0.10673793784173052,0.09417824578353666,0.17528828129498647,0.17401089214501828,0.08730281716935356,0.20374183562039652,0.03284109311961343,-0.08293782788157854,0.09913740221358415,0.17533453269715665,0.30428443558006213,0.30303735998265074,0.2054235445051281,0.1335426299740863,-0.0567032811510811,-0.03760089877443158,-0.21259729962574483,-0.21110605843982472,0.08134241049852216,0.05870038747485388,0.5833734526175681,0.4483364569730686,0.5706779348183671,0.535539979227234,0.5931246561413462,0.7709185343351675,0.6438150272918739,0.7219981541268287,0.7737761051891121,0.5640612558455116,0.6493796515032813,1.0,0.6476098298002775,0.5994063027340775,0.6325661641570824,0.5536632337854294,0.6255503824146014,0.8852992995959071
carga_lag1,0.28401985057863777,0.7669267270262881,0.7634383333739444,0.751331252108134,-0.09820856918215147,0.20189150594237742,0.5432237842308831,0.5414933084907538,0.15429672061930644,0.21056049629108098,-0.14831561032053642,0.26033721587904024,0.14007433356484952,0.12293299142642772,-0.10101174297643734,-0.24331095849308057,0.14007467458076775,0.13984364043518152,0.12583564240992742,0.2016827159046365,0.18608706010053883,-0.09809249081021182,-0.09128481956035027,-0.14827879192013932,-0.14565373574926996,-0.1239998220184123,0.1540613751760474,0.1370582529559483,0.21081051205004137,0.21748045761150805,0.13839750014532648,0.1899421387262498,-0.0938891679769967,-0.14114868268720118,0.1436427640676641,0.21551221034032483,0.4082072118132219,0.4060425892297777,0.25812696668105223,0.17483698849958484,-0.10027750846527682,-0.07185942357089102,-0.24390406211096932,-0.2525246780547381,0.12165495042734638,0.09510498625263492,0.949517186090365,0.7283742538111814,0.6634898463495169,0.6208599934171873,0.5676748276377412,0.7061219081567489,0.9054365796614979,0.721890669805879,0.7228712879497371,0.6698171450101169,0.6837354274056879,0.6476098298002775,1.0,0.7931698184871795,0.7589152556680702,0.6409399910858226,0.6322630796700881,0.7279819772490963
carga_lag2,0.23826937916170343,0.6421573163168444,0.6422855154486187,0.631864237189629,-0.042845784323504145,0.13905357613954597,0.3537229135824297,0.3524306294918939,0.1081461770835955,0.16858229306034575,-0.18425674558739122,0.1843504401270294,0.09216037266956745,0.07700110229279941,-0.057816497911292494,-0.19063878060962955,0.09216012152265877,0.09192720912292729,0.07796919728164103,0.13853207137718437,0.1126083519327821,-0.04280041047215554,-0.04029916728736611,-0.18433206692481577,-0.18589874022224012,-0.17575797767130044,0.10791878643378526,0.09203175839044292,0.16851570498320942,0.16165523033847828,0.09011392258846594,0.12125945505886074,-0.04118525723908093,-0.18382994225205593,0.09846533049367275,0.1650726584747099,0.201876172970989,0.20024832948687157,0.18185913443550775,0.09668802222785162,-0.05719040816550996,-0.036693759411902935,-0.19081853418373623,-0.18353441140202953,0.07574092988720797,0.05327082580263875,0.8473674797448162,0.9385451890602416,0.5189413630048436,0.418006238221787,0.6386575093717913,0.5532374508385871,0.6853557816162145,0.8258680309715686,0.6941726812590815,0.46237231651290045,0.6195791838555063,0.5994063027340775,0.7931698184871795,1.0,0.6099046200263218,0.41070936051272067,0.6474631287874613,0.6228219912209396
carga_lag3,0.3459314350287813,0.6212881804084089,0.6401744613785145,0.6554693549975146,-0.10512186256903307,0.10316767384164918,0.3884576791399036,0.3880910755787767,0.11038995608518082,0.16437109744570358,-0.20895359563365656,0.22213266105429064,0.0908083307649728,0.08712127765363982,-0.06774610380802437,-0.19052409757229674,0.09080827198346766,0.0906921756818482,0.07889861070677705,0.10279187483925069,0.08334477833197464,-0.10505377686858099,-0.10034901327981188,-0.2089825723960932,-0.20940162568991022,-0.19786864381932232,0.11030952445297873,0.09652625613348664,0.1643724325322837,0.16313954297350394,0.0893095525356618,0.08925734391341508,-0.10233887108909986,-0.20728669421006535,0.10210422558660288,0.1644575044131204,0.26727975177081065,0.2665692481080235,0.22336088089537662,0.15384150116122783,-0.0673591983135701,-0.04610348400171675,-0.190904399988405,-0.19102729226577692,0.08660941919234649,0.06527957468310785,0.7563755981628664,0.5815200328217588,0.9605342601860144,0.7863111680747948,0.2270883755501112,0.7678590842171297,0.6381827486899992,0.49664785813524476,0.6812039771072945,0.7798827812445221,0.4323407406019984,0.6325661641570824,0.7589152556680702,0.6099046200263218,1.0,0.7615493780524317,0.31812375317862185,0.7843843854060233
carga_lag4,0.293535907146294,0.5663873504564975,0.585811478507831,0.6013212763048579,-0.1063820586257619,0.15605634049207867,0.39458480189725337,0.3941229171690329,0.08955279896754813,0.135297893266626,-0.1116816651858443,0.1426578197589558,0.06716423754985826,0.07360188943363834,-0.05637370256465937,-0.16097496833438332,0.06716388309658326,0.0668494858182558,0.054531424043679,0.15580138240083302,0.1355989528193822,-0.10633533598493329,-0.1018581822044461,-0.11170205772490514,-0.11218880908544035,-0.09892404593086933,0.08936745913369804,0.07511842644958146,0.1353287739517231,0.13269907447260354,0.06518266378026852,0.14206192022319772,-0.10370356913952189,-0.1092958585045194,0.08065254924272086,0.1344335679600697,0.26828688664312045,0.26744995544878125,0.1374435046517455,0.06497079829630258,-0.05606199995479815,-0.03477722870573335,-0.16095417417044475,-0.15832054923105568,0.07220436921680712,0.04885762794772639,0.6177496530338444,0.3663236215311159,0.7700697612396858,0.9583240638015195,0.18326359511939513,0.681415839381131,0.5266373820843665,0.42826394531549883,0.4590489776099894,0.9518494453068,0.45064123912249493,0.5536632337854294,0.6409399910858226,0.41070936051272067,0.7615493780524317,1.0,0.30335225184977777,0.6789533023246276
carga_lag6,0.14058530943267114,0.7095805350306061,0.6842444176116416,0.6519331324707602,-0.0026563321996061107,0.19974407077639944,0.4110904508288915,0.4100320098475046,0.14410931403131777,0.19309725643906256,0.021289758110307488,0.18859117966549876,0.08102997662547347,0.09650324824832938,-0.08487901346157427,-0.21513914854740168,0.08102980465535865,0.08076737802982642,0.0651076354632042,0.19987080424036285,0.18220122258610436,-0.002621916052008775,0.0011618564841717163,0.021327952013795164,0.0208839046578134,0.033901574137702985,0.14404692816993458,0.13123485660996442,0.19338167345773422,0.19489445329141433,0.07837206719646017,0.18754820778771336,-9.184872430276752e-05,0.02388423394648604,0.13621340007355162,0.19493766766520645,0.2766596848572664,0.2750818933216155,0.18503913516371462,0.10080479852572823,-0.08464901112986634,-0.0662361436547079,-0.21563121903897978,-0.2172981231187438,0.09580736301167916,0.07241206383174018,0.5653971379932375,0.5467258995030255,0.1784036952333871,0.2392541990893198,0.9719555981176308,0.5192852290085184,0.666397466932271,0.6860523388827113,0.658264465799549,0.34181411530583944,0.9376386465478184,0.6255503824146014,0.6322630796700881,0.6474631287874613,0.31812375317862185,0.30335225184977777,1.0,0.5631946807658597
carga_lag8,0.3386007217330219,0.711463573214242,0.7184442709016189,0.7172792435070326,-0.05288642773151227,0.12262413915096958,0.417667164399749,0.41640343811220815,0.12147460563715116,0.1698507732250508,-0.0894098102670742,0.24402710853530046,0.09175917101993003,0.0921904201652899,-0.07544714324360562,-0.2058628303295164,0.09175929455335284,0.0915106116271363,0.07590220164530642,0.12252006316384383,0.10055004129122935,-0.052866490605332564,-0.049007611937520214,-0.08933417197647696,-0.09031488404751077,-0.07910023471990743,0.1214137634182936,0.10858380112979202,0.17008509681815287,0.1691015397681637,0.08914994308785525,0.10729376260322607,-0.050527935411546425,-0.08820268674429896,0.11362312733366565,0.17014300582540506,0.28623466062975156,0.2845087275943027,0.2433872914363699,0.16522855205325707,-0.07506871102467369,-0.05498788924487788,-0.20632269977951334,-0.2044901555755143,0.09203701017798746,0.06834124275270205,0.6734614443081877,0.5157918475411338,0.7319668790338562,0.6856987977460398,0.5189626407477193,0.9486743366719328,0.6648452302661755,0.6067675606873684,0.7058015644550233,0.6944376875843767,0.6271056612028155,0.8852992995959071,0.7279819772490963,0.6228219912209396,0.7843843854060233,0.6789533023246276,0.5631946807658597,1.0
